<?xml version="1.0" encoding="utf-8"?>
<?xml-stylesheet type="text/xsl" href="templates/default/bits/system/desktop.xsl"?>
<page>
	<headers>
		<title>GreyHat OS</title>
		<style type="text/css" media="all">@import "system/jquery/themes/flora/flora.all.css";</style>
		<style type="text/css" media="all">@import "templates/default/css/desktop.css";</style>
		<script type="text/javascript" src="system/jquery/jquery.js"/>
		<script type="text/javascript" src="system/jquery/jquery.xslProcessor.js"/>
		<script type="text/javascript" src="system/jquery/jquery.styleSheet.js"/>
		<script type="text/javascript" src="system/jquery/ui/ui.core.js"/>
		<script type="text/javascript" src="system/jquery/ui/ui.draggable.js"/>
		<script type="text/javascript" src="system/jquery/ui/ui.resizable.js"/>
		<script type="text/javascript" src="system/system.js"/>
		<script type="text/javascript" src="system/desktop.js"/>
	</headers>
	<desktop>
		<quicklaunch>
			<buttonwidget icon="" xml="programs/test/run.xml" newwindow="true">TestWindow</buttonwidget>
			<buttonwidget icon="" xml="programs/tehweb/run.xml" newwindow="true">TehWeb</buttonwidget>
			<buttonwidget icon="" xml="programs/battleship/run.xml" newwindow="true">Battleship</buttonwidget>
		</quicklaunch>
	</desktop>
</page>